ปี,ชื่อวิชา,คำอธิบายลำดับย่อย,จำนวนผู้เข้าสอบ,ว 1.1 (Mean),ว 1.1 (S.D.),ว 1.2 (Mean),ว 1.2 (S.D.),ว 1.3 (Mean),ว 1.3 (S.D.),ว 2.1 (Mean),ว 2.1 (S.D.),ว 2.2 (Mean),ว 2.2 (S.D.),ว 2.3 (Mean),ว 2.3 (S.D.),ว 3.1 (Mean),ว 3.1 (S.D.),ว 3.2 (Mean),ว 3.2 (S.D.),ว 4.1 (Mean),ว 4.1 (S.D.),ว 4.2 (Mean),ว 4.2 (S.D.)
2568,วิทยาศาสตร์,สำนักงานศึกษาธิการจังหวัด เชียงใหม่,14983,18.19,38.58,34.94,22.87,38.24,25.9,33.55,23.88,34.64,22.57,33.78,20.39,40.56,35.33,33.44,20.63,50,34.81,41.43,36.87
2568,วิทยาศาสตร์,สำนักงานคณะกรรมการการศึกษาขั้นพื้นฐาน,10446,18.19,38.58,34.15,22.48,36.75,25.27,31.95,22.61,34.46,22.71,32.76,19.94,39.01,34.93,33.45,20.33,49.85,35.22,41.07,36.79
2568,วิทยาศาสตร์,สำนักงานเขตพื้นที่การศึกษามัธยมศึกษา (สพม.),6032,19.6,39.69,34.62,22.16,35.9,25.23,32.68,22.56,34.46,22.66,32.81,19.89,37.87,34.87,34.01,20.02,52.6,35.66,44.82,37.35
2568,วิทยาศาสตร์,สำนักงานเขตพื้นที่การศึกษาประถมศึกษา (สพป.),4414,16.27,36.91,33.5,22.89,37.92,25.28,30.96,22.66,34.45,22.79,32.68,20.01,40.56,34.96,32.7,20.73,46.08,34.26,35.94,35.38
2568,วิทยาศาสตร์,สำนักงานคณะกรรมการส่งเสริมการศึกษาเอกชน,3117,20.95,40.69,38.98,23.89,44.1,27.33,39.16,26.05,35.94,22.37,37.6,21.55,47.34,35.9,34.05,21.39,52.69,32.67,43.68,36.91
2568,วิทยาศาสตร์,กระทรวงการอุดมศึกษา วิทยาศาสตร์ วิจัยและนวัตกรรม,228,35.53,47.86,47.19,24.01,53.74,29.47,62.54,28.26,41.14,23.48,38.79,19.82,45.61,37.21,47.57,23.85,62.5,34.85,68.2,35.78
2568,วิทยาศาสตร์,สำนักบริหารงานการศึกษาพิเศษ,316,5.38,22.56,24.87,19.3,33.69,20.74,24.24,18.72,32.22,21.32,33.82,21.07,39.4,36.76,28.07,18.93,38.77,30.95,28.8,33.18
2568,วิทยาศาสตร์,กรมส่งเสริมการปกครองท้องถิ่น,432,9.72,29.63,30.23,21.98,33.79,24.31,27.82,20.79,30.32,20.59,33.88,19.95,37.27,33.85,29.23,19.18,52.89,34.82,41.09,36.27
2568,วิทยาศาสตร์,สถาบันบัณฑิตพัฒนศิลป์ (ปวช.),37,18.92,39.17,25.95,17.31,28.81,23.11,32.43,18.22,29.73,22.12,29.1,17.63,25.68,27.56,32.3,15.11,41.89,33.92,56.76,38.84
2568,วิทยาศาสตร์,สำนักงานการศึกษาพระปริยัติธรรม แผนกสามัญศึกษา,407,6.39,24.45,30.96,20.14,32.06,23.47,28.75,23.63,32.68,21.27,28.3,18.65,31.33,33.18,29.35,19.45,32.56,34.74,27.27,31.05
2567,วิทยาศาสตร์,สำนักงานศึกษาธิการจังหวัด เชียงใหม่,13843,58.22,49.32,24.79,19.72,43.30,26.98,34.26,22.82,35.87,22.59,29.57,19.14,38.24,32.90,31.76,19.88,52.54,40.17,50.91,37.99
2567,วิทยาศาสตร์,สำนักงานคณะกรรมการการศึกษาขั้นพื้นฐาน,9876,57.14,49.49,24.03,19.11,42.24,26.88,32.39,21.81,34.30,21.82,29.10,18.87,36.66,32.49,30.62,19.49,50.16,39.97,48.74,37.77
2567,วิทยาศาสตร์,สำนักงานเขตพื้นที่การศึกษามัธยมศึกษา (สพม.),5658,59.05,49.17,23.38,18.60,41.76,27.11,34.09,22.49,34.98,21.50,29.61,18.67,38.18,32.84,31.55,19.76,53.25,40.08,53.08,37.98
2567,วิทยาศาสตร์,สำนักงานเขตพื้นที่การศึกษาประถมศึกษา (สพป.),4218,54.58,49.79,24.91,19.74,42.89,26.57,30.12,20.64,33.40,22.22,28.43,19.11,34.61,31.90,29.38,19.06,46.01,39.44,42.92,36.68
2567,วิทยาศาสตร์,สำนักงานคณะกรรมการส่งเสริมการศึกษาเอกชน,2661,61.18,48.73,28.15,21.73,48.59,26.43,41.45,24.68,42.11,24.46,31.45,19.88,44.72,33.51,36.35,20.45,63.75,38.92,61.29,37.08
2567,วิทยาศาสตร์,กระทรวงการอุดมศึกษา วิทยาศาสตร์ วิจัยและนวัตกรรม,229,79.04,40.70,31.70,23.18,53.18,26.06,53.89,27.17,46.03,23.94,33.26,20.33,53.06,32.23,46.88,19.64,77.07,32.85,76.64,31.86
2567,วิทยาศาสตร์,สำนักบริหารงานการศึกษาพิเศษ,297,59.26,49.14,22.15,17.77,40.16,26.50,29.76,19.97,32.05,20.93,27.85,18.55,33.84,32.69,28.72,18.56,48.32,39.53,35.86,33.62
2567,วิทยาศาสตร์,กรมส่งเสริมการปกครองท้องถิ่น,401,57.36,49.46,22.49,19.10,39.68,27.62,32.12,20.66,33.77,22.02,29.51,18.76,36.78,31.78,28.33,19.24,41.27,39.30,48.63,38.09
2567,วิทยาศาสตร์,สถาบันบัณฑิตพัฒนศิลป์ (ปวช.),29,51.72,49.97,25.52,15.67,47.46,31.42,29.66,19.38,33.10,19.84,21.72,14.81,34.48,29.66,25.92,18.57,51.72,44.49,34.48,32.44
2567,วิทยาศาสตร์,สำนักงานการศึกษาพระปริยัติธรรม แผนกสามัญศึกษา,350,53.43,49.88,20.74,16.30,32.88,25.46,26.00,19.41,31.71,19.74,28.16,19.98,29.57,32.36,25.97,17.97,34.86,35.65,33.14,32.76
2566,วิทยาศาสตร์,สำนักงานศึกษาธิการจังหวัด เชียงใหม่,12915,43.76,49.61,24.24,19.97,33.26,24.85,27.99,20.24,31.40,20.43,21.00,15.99,27.72,31.23,38.02,20.37,28.13,33.00,54.01,37.82
2566,วิทยาศาสตร์,สำนักงานคณะกรรมการการศึกษาขั้นพื้นฐาน,8868,40.52,49.09,23.17,19.36,32.10,24.37,26.78,19.62,30.39,20.00,20.34,15.72,27.48,31.20,36.92,19.87,25.95,31.86,52.64,37.78
2566,วิทยาศาสตร์,สำนักงานเขตพื้นที่การศึกษามัธยมศึกษา (สพม.),4915,40.55,49.10,23.41,19.20,32.80,24.73,27.30,19.99,31.39,20.19,20.85,15.74,27.27,30.88,37.44,20.09,27.84,32.66,54.40,37.97
2566,วิทยาศาสตร์,สำนักงานเขตพื้นที่การศึกษาประถมศึกษา (สพป.),3953,40.48,49.08,22.86,19.54,31.23,23.88,26.13,19.12,29.13,19.68,19.72,15.68,27.74,31.59,36.28,19.58,23.60,30.67,50.46,37.43
2566,วิทยาศาสตร์,สำนักงานคณะกรรมการส่งเสริมการศึกษาเอกชน,2777,54.02,49.84,27.45,21.16,37.24,25.72,31.18,21.50,34.37,21.17,22.74,16.13,28.83,31.61,41.31,21.12,35.25,35.49,59.76,36.99
2566,วิทยาศาสตร์,กระทรวงการอุดมศึกษา วิทยาศาสตร์ วิจัยและนวัตกรรม,223,76.23,42.57,33.90,24.15,44.62,26.60,44.48,22.84,45.83,22.97,28.30,18.51,34.75,33.02,52.84,20.07,51.12,37.72,76.23,29.12
2566,วิทยาศาสตร์,สำนักบริหารงานการศึกษาพิเศษ,240,40.42,49.07,21.75,18.31,30.87,23.06,27.17,18.76,28.92,19.29,20.28,17.13,25.63,29.57,34.01,19.36,19.38,26.80,45.00,36.17
2566,วิทยาศาสตร์,กรมส่งเสริมการปกครองท้องถิ่น,318,38.99,48.77,24.21,19.45,30.25,24.39,27.11,19.32,28.11,19.45,20.53,16.29,28.46,30.71,38.82,20.22,26.57,30.87,50.16,37.93
2566,วิทยาศาสตร์,สถาบันบัณฑิตพัฒนศิลป์ (ปวช.),36,33.33,47.14,25.00,19.65,26.68,22.42,25.00,17.87,35.56,24.09,19.40,17.97,18.06,26.75,40.56,16.58,20.83,32.00,38.89,41.01
2566,วิทยาศาสตร์,สำนักงานการศึกษาพระปริยัติธรรม แผนกสามัญศึกษา,453,34.22,47.44,22.21,19.63,29.84,25.07,25.21,18.49,29.14,19.04,20.45,16.28,23.51,29.04,33.48,20.73,21.96,29.68,43.27,39.08
2565,วิทยาศาสตร์,สำนักงานศึกษาธิการจังหวัด เชียงใหม่,13525,66.71,47.12,21.19,18.68,32.84,22.94,38.22,24.12,36.21,22.08,23.34,19.62,39.54,24.01,45.03,23.25,34.40,35.07,26.00,29.31
2565,วิทยาศาสตร์,สำนักงานคณะกรรมการการศึกษาขั้นพื้นฐาน,9323,64.79,47.76,20.32,18.14,31.17,22.37,36.53,23.53,35.02,21.68,23.05,19.46,38.53,23.74,43.95,22.90,33.12,34.56,25.50,29.13
2565,วิทยาศาสตร์,สำนักงานเขตพื้นที่การศึกษามัธยมศึกษา (สพม.),5537,66.59,47.17,20.14,18.07,32.68,22.34,38.18,23.99,36.15,21.67,22.85,19.52,39.36,23.54,44.94,23.01,34.75,35.12,25.57,28.71
2565,วิทยาศาสตร์,สำนักงานเขตพื้นที่การศึกษาประถมศึกษา (สพป.),3786,62.15,48.50,20.58,18.25,28.96,22.23,34.12,22.64,33.35,21.58,23.36,19.37,37.33,23.98,42.51,22.67,30.74,33.59,25.38,29.73
2565,วิทยาศาสตร์,สำนักงานคณะกรรมการส่งเสริมการศึกษาเอกชน,2761,74.43,43.63,23.59,19.99,39.18,23.22,44.59,24.90,40.62,22.78,24.54,20.04,45.34,23.92,49.51,23.69,40.35,36.26,27.67,29.49
2565,วิทยาศาสตร์,กระทรวงการอุดมศึกษา วิทยาศาสตร์ วิจัยและนวัตกรรม,234,82.91,37.65,29.74,21.18,51.56,22.15,55.98,24.58,50.43,22.20,27.03,22.38,43.49,22.84,58.95,22.12,53.21,36.11,35.47,32.40
2565,วิทยาศาสตร์,สำนักบริหารงานการศึกษาพิเศษ,307,58.31,49.31,19.67,17.19,26.03,22.55,31.47,20.96,33.09,20.65,20.28,18.33,34.99,22.94,42.93,23.18,25.90,33.36,26.22,30.01
2565,วิทยาศาสตร์,กรมส่งเสริมการปกครองท้องถิ่น,381,61.94,48.55,22.52,18.10,30.39,21.19,36.75,23.27,33.96,21.06,23.43,19.19,36.69,23.02,40.97,22.15,30.18,34.29,23.23,28.61
2565,วิทยาศาสตร์,สถาบันบัณฑิตพัฒนศิลป์ (ปวช.),41,56.10,49.63,17.07,15.02,26.25,20.64,33.17,20.53,37.56,21.73,25.00,18.31,32.99,20.84,41.10,22.90,28.05,33.22,24.39,31.47
2565,วิทยาศาสตร์,สำนักงานการศึกษาพระปริยัติธรรม แผนกสามัญศึกษา,478,61.92,48.56,20.29,19.03,26.58,22.81,31.76,22.66,30.79,21.19,21.91,19.60,29.59,24.94,38.28,22.44,25.00,31.15,23.85,28.86
