ปี,ชื่อวิชา,คำอธิบายลำดับย่อย,จำนวนผู้เข้าสอบ,ต 1.1 (Mean),ต 1.1 (S.D.),ต 1.2 (Mean),ต 1.2 (S.D.),ต 1.3 (Mean),ต 1.3 (S.D.),ต 2.1 (Mean),ต 2.1 (S.D.),ต 2.2 (Mean),ต 2.2 (S.D.),ต 4.1 (Mean),ต 4.1 (S.D.)
2568,ภาษาอังกฤษ,สำนักงานศึกษาธิการจังหวัด เชียงใหม่,17109,38.91,27.56,33.79,22.35,40.5,29.12,25.38,30.87,32.03,27.96,34.02,29.39
2568,ภาษาอังกฤษ,สำนักงานคณะกรรมการการศึกษาขั้นพื้นฐาน,11333,31.98,22.62,28.3,17.13,33.07,23.69,22.79,28.47,27.11,23.87,27.59,24.26
2568,ภาษาอังกฤษ,สำนักงานเขตพื้นที่การศึกษาประถมศึกษา (สพป.),11333,31.98,22.62,28.3,17.13,33.07,23.69,22.79,28.47,27.11,23.87,27.59,24.26
2568,ภาษาอังกฤษ,สำนักงานคณะกรรมการส่งเสริมการศึกษาเอกชน,4165,58.84,30.44,49.4,27.48,61.59,32.65,32.94,36.03,45.92,33.47,51.98,34.7
2568,ภาษาอังกฤษ,สำนักงานปลัดกระทรวงการอุดมศึกษาฯ,148,64.41,29.62,56.62,26.98,65.99,32.12,31.76,33.46,56.42,32.12,58.45,33.59
2568,ภาษาอังกฤษ,สำนักบริหารงานการศึกษาพิเศษ,139,23.14,17.26,26.69,15.43,26.74,18.17,29.14,29.32,20.14,22.81,24.46,22.93
2568,ภาษาอังกฤษ,กรมส่งเสริมการปกครองท้องถิ่น,1158,35.35,25.15,30.01,18.79,37.02,26.29,22.97,28.78,28.28,25.11,30.94,26.63
2568,ภาษาอังกฤษ,กองบัญชาการตำรวจตระเวนชายแดน,166,27.01,19.83,28.92,19.45,31.53,22.33,20.18,28.51,33.89,24.39,30.42,24.86
2567,ภาษาอังกฤษ,สำนักงานศึกษาธิการจังหวัด เชียงใหม่,17119,37.51,25.52,37.13,23.33,36.7,27.37,24.92,32.54,29.53,26.12,33.36,29.83
2567,ภาษาอังกฤษ,สำนักงานคณะกรรมการการศึกษาขั้นพื้นฐาน,11317,31.56,21.14,31.16,18.52,30.08,22.39,20.86,29.4,26.19,23.32,26.56,24.75
2567,ภาษาอังกฤษ,สำนักงานเขตพื้นที่การศึกษามัธยมศึกษา (สพม.),20,22.5,16.89,23,11.45,20.83,13.82,25,29.58,13.75,14.74,21.25,24.08
2567,ภาษาอังกฤษ,สำนักงานเขตพื้นที่การศึกษาประถมศึกษา (สพป.),11297,31.58,21.14,31.17,18.52,30.1,22.39,20.85,29.39,26.21,23.33,26.56,24.76
2567,ภาษาอังกฤษ,สำนักงานคณะกรรมการส่งเสริมการศึกษาเอกชน,4297,54.7,29.32,54.49,27.09,56.24,30.98,36.9,37.96,39.92,30.88,52.9,34.53
2567,ภาษาอังกฤษ,สำนักงานปลัดกระทรวงการอุดมศึกษาฯ,100,44,27.24,44.4,24.79,42.83,30.93,26.5,31.98,28.75,28.15,40.25,32.77
2567,ภาษาอังกฤษ,สำนักบริหารงานการศึกษาพิเศษ,124,27.28,16.3,25.56,14.27,21.64,14.96,19.76,27.55,21.17,21.07,23.59,20.16
2567,ภาษาอังกฤษ,กรมส่งเสริมการปกครองท้องถิ่น,1077,34.14,21.5,33.34,19.16,31.85,23.8,20.52,29.65,24.86,23.11,28.95,25.53
2567,ภาษาอังกฤษ,กองบัญชาการตำรวจตระเวนชายแดน,204,26.06,18.08,26.18,14.92,23.94,18.53,23.53,30.28,26.35,20.89,25.37,22.21
2566,ภาษาอังกฤษ,สำนักงานศึกษาธิการจังหวัด เชียงใหม่,15687,40.12,26.94,38.22,24.84,37.35,25.51,58.41,39.69,39,26.73,33.94,30.54
2566,ภาษาอังกฤษ,สำนักงานคณะกรรมการการศึกษาขั้นพื้นฐาน,10400,33.74,22.2,31.9,19.02,31.57,21.74,49.7,38.88,35.02,24.84,26.91,24.85
2566,ภาษาอังกฤษ,สำนักงานเขตพื้นที่การศึกษาประถมศึกษา (สพป.),10400,33.74,22.2,31.9,19.02,31.57,21.74,49.7,38.88,35.02,24.84,26.91,24.85
2566,ภาษาอังกฤษ,สำนักงานคณะกรรมการส่งเสริมการศึกษาเอกชน,3995,58.28,30.67,56.09,30.33,53.78,28.33,82.69,31.23,50.44,28.87,54.08,35.95
2566,ภาษาอังกฤษ,สำนักงานปลัดกระทรวงการอุดมศึกษาฯ,82,50.81,31.55,47.56,28.82,46.54,29.88,82.93,30.46,44.21,26.85,43.9,33.71
2566,ภาษาอังกฤษ,สำนักบริหารงานการศึกษาพิเศษ,101,28.55,17.29,28.91,13.78,27.89,21.38,31.68,32.03,27.48,21.26,22.28,21.08
2566,ภาษาอังกฤษ,กรมส่งเสริมการปกครองท้องถิ่น,940,35.8,23.67,34.56,20.28,33.42,21.57,56.91,38.11,36.81,24.22,28.32,25.92
2566,ภาษาอังกฤษ,กองบัญชาการตำรวจตระเวนชายแดน,169,28.8,18.91,26.51,12.51,28.3,17.93,33.43,32.51,29.59,22.2,23.22,20.09
2565,ภาษาอังกฤษ,สำนักงานศึกษาธิการจังหวัด เชียงใหม่,14481,38.16,28.34,40.76,25.94,40.41,27.03,46.89,39.08,40.1,30.57,34.84,27.87
2565,ภาษาอังกฤษ,สำนักงานคณะกรรมการการศึกษาขั้นพื้นฐาน,9419,31.4,23.01,33.9,20.23,34.15,22.95,40.09,37.25,34.13,27.82,29.95,24.22
2565,ภาษาอังกฤษ,สำนักงานเขตพื้นที่การศึกษาประถมศึกษา (สพป.),9419,31.4,23.01,33.9,20.23,34.15,22.95,40.09,37.25,34.13,27.82,29.95,24.22
2565,ภาษาอังกฤษ,สำนักงานคณะกรรมการส่งเสริมการศึกษาเอกชน,3828,56.14,33.03,59.24,30.3,57.37,29.75,65.22,38.17,56.43,31.94,48.35,32.28
2565,ภาษาอังกฤษ,สำนักงานปลัดกระทรวงการอุดมศึกษาฯ,86,40.89,27.57,43.02,24.64,45.54,25.72,41.28,35.92,38.37,27.68,37.5,27.43
2565,ภาษาอังกฤษ,สำนักบริหารงานการศึกษาพิเศษ,139,27.82,19.73,27.41,12.66,27.82,20.62,36.69,34.23,23.2,21.34,23.56,23.57
2565,ภาษาอังกฤษ,กรมส่งเสริมการปกครองท้องถิ่น,839,33.79,25.24,37.5,23.2,36.55,24.48,43.15,37.95,37.19,28.78,30.84,25.05
2565,ภาษาอังกฤษ,กองบัญชาการตำรวจตระเวนชายแดน,170,36.57,25.58,30.29,16.99,32.16,23.12,40.29,36.9,31.91,24.56,29.56,24.8
