ปี,ชื่อวิชา,คำอธิบายลำดับย่อย,จำนวนผู้เข้าสอบ,ท 1.1 (Mean),ท 1.1 (S.D.),ท 2.1 (Mean),ท 2.1 (S.D.),ท 3.1 (Mean),ท 3.1 (S.D.),ท 4.1 (Mean),ท 4.1 (S.D.),ท 5.1 (Mean),ท 5.1 (S.D.)
2568,ภาษาไทย,สำนักงานศึกษาธิการจังหวัด เชียงใหม่,14983,58.89,22.31,48.64,20.11,58.27,27.99,40.15,17.84,47.68,30.93
2568,ภาษาไทย,สำนักงานคณะกรรมการการศึกษาขั้นพื้นฐาน,10446,58.27,22.27,47.81,19.44,56.36,27.84,39.76,17.17,46.99,30.33
2568,ภาษาไทย,สำนักงานเขตพื้นที่การศึกษามัธยมศึกษา (สพม.),6031,59.66,22.28,48.83,19.22,57.33,27.68,40.43,17.23,49.6,30.55
2568,ภาษาไทย,สำนักงานเขตพื้นที่การศึกษาประถมศึกษา (สพป.),4415,56.36,22.11,46.43,19.64,55.04,28.01,38.86,17.06,43.42,29.66
2568,ภาษาไทย,สำนักงานคณะกรรมการส่งเสริมการศึกษาเอกชน,3117,63.35,21.02,54.48,20.06,66.45,26.18,42.63,19.46,52.86,32.36
2568,ภาษาไทย,กระทรวงการอุดมศึกษา วิทยาศาสตร์ วิจัยและนวัตกรรม,228,75.63,19.04,61.24,19.73,78.18,21.42,55.64,19.07,62.57,29.5
2568,ภาษาไทย,สำนักบริหารงานการศึกษาพิเศษ,316,50.21,20.4,40.79,18.63,48.02,28.23,31.3,15.16,31.22,27.35
2568,ภาษาไทย,กรมส่งเสริมการปกครองท้องถิ่น,432,56.12,21.68,43.32,20.11,59.14,28.06,37.03,15.84,44.21,28.82
2568,ภาษาไทย,สถาบันบัณฑิตพัฒนศิลป์ (ปวช.),37,56.16,28.17,42.33,20.1,49.32,29.34,39.08,13.91,44.14,26.91
2568,ภาษาไทย,สำนักงานการศึกษาพระปริยัติธรรม แผนกสามัญศึกษา,407,41.39,20.45,30.59,19.33,41.09,26.44,32.53,16.29,34.32,28.79
2567,ภาษาไทย,สำนักงานศึกษาธิการจังหวัด เชียงใหม่,13901,61.80,20.59,49.60,18.89,38.68,24.73,52.82,18.54,50.65,32.62
2567,ภาษาไทย,สำนักงานคณะกรรมการการศึกษาขั้นพื้นฐาน,9936,60.36,20.38,48.39,18.66,37.74,24.68,51.97,18.15,49.35,32.31
2567,ภาษาไทย,สำนักงานเขตพื้นที่การศึกษามัธยมศึกษา (สพม.),5718,62.83,20.17,51.81,17.74,38.65,24.77,52.60,18.41,50.99,32.17
2567,ภาษาไทย,สำนักงานเขตพื้นที่การศึกษาประถมศึกษา (สพป.),4218,57.00,20.17,43.75,18.89,36.50,24.51,51.11,17.76,47.14,32.38
2567,ภาษาไทย,สำนักงานคณะกรรมการส่งเสริมการศึกษาเอกชน,2659,68.83,19.30,55.64,17.60,42.96,24.55,56.54,18.97,56.60,32.93
2567,ภาษาไทย,กระทรวงการอุดมศึกษา วิทยาศาสตร์ วิจัยและนวัตกรรม,229,77.68,15.82,67.88,14.25,54.80,23.45,71.30,20.02,71.91,30.07
2567,ภาษาไทย,สำนักบริหารงานการศึกษาพิเศษ,297,56.15,18.32,43.99,17.49,32.49,22.02,49.31,14.90,43.43,30.99
2567,ภาษาไทย,กรมส่งเสริมการปกครองท้องถิ่น,401,59.46,19.58,47.08,17.00,37.16,24.08,49.39,16.46,49.21,30.60
2567,ภาษาไทย,สถาบันบัณฑิตพัฒนศิลป์ (ปวช.),29,62.45,19.88,46.43,18.80,31.03,19.31,49.44,16.76,45.98,29.57
2567,ภาษาไทย,สำนักงานการศึกษาพระปริยัติธรรม แผนกสามัญศึกษา,350,46.35,20.57,34.05,19.01,29.93,22.34,43.62,17.94,36.57,31.41
2566,ภาษาไทย,สำนักงานศึกษาธิการจังหวัด เชียงใหม่,12950,65.89,23.31,48.10,20.36,68.87,26.88,43.19,18.57,57.74,31.88
2566,ภาษาไทย,สำนักงานคณะกรรมการการศึกษาขั้นพื้นฐาน,8898,64.54,23.22,46.64,19.89,68.13,27.13,42.13,17.95,56.48,31.82
2566,ภาษาไทย,สำนักงานเขตพื้นที่การศึกษามัธยมศึกษา (สพม.),4944,67.39,22.38,48.52,19.20,70.41,26.50,42.38,18.42,58.62,31.42
2566,ภาษาไทย,สำนักงานเขตพื้นที่การศึกษาประถมศึกษา (สพป.),3954,60.98,23.76,44.30,20.48,65.27,27.64,41.80,17.34,53.81,32.13
2566,ภาษาไทย,สำนักงานคณะกรรมการส่งเสริมการศึกษาเอกชน,2780,72.31,21.17,54.48,19.47,73.18,24.68,46.84,19.45,63.48,30.74
2566,ภาษาไทย,กระทรวงการอุดมศึกษา วิทยาศาสตร์ วิจัยและนวัตกรรม,223,84.55,13.82,65.91,14.29,84.98,18.75,60.26,22.07,77.73,22.92
2566,ภาษาไทย,สำนักบริหารงานการศึกษาพิเศษ,240,60.00,21.68,43.20,19.80,65.83,25.81,41.44,16.82,54.31,30.12
2566,ภาษาไทย,กรมส่งเสริมการปกครองท้องถิ่น,318,64.61,23.21,46.01,21.32,66.51,27.38,40.19,17.12,53.25,33.88
2566,ภาษาไทย,สถาบันบัณฑิตพัฒนศิลป์ (ปวช.),36,63.89,21.97,48.01,18.45,68.75,27.24,41.94,19.84,59.26,30.54
2566,ภาษาไทย,สำนักงานการศึกษาพระปริยัติธรรม แผนกสามัญศึกษา,455,48.11,25.11,32.85,20.15,52.31,28.37,36.34,16.62,42.27,32.23
2565,ภาษาไทย,สำนักงานศึกษาธิการจังหวัด เชียงใหม่,13554,60.47,21.82,55.44,19.04,62.90,29.48,42.04,17.98,61.35,33.22
2565,ภาษาไทย,สำนักงานคณะกรรมการการศึกษาขั้นพื้นฐาน,9333,58.66,21.59,54.23,18.63,62.43,29.75,40.94,17.25,59.86,33.17
2565,ภาษาไทย,สำนักงานเขตพื้นที่การศึกษามัธยมศึกษา (สพม.),5544,60.95,21.21,56.12,17.90,65.12,28.93,41.74,17.64,62.10,33.18
2565,ภาษาไทย,สำนักงานเขตพื้นที่การศึกษาประถมศึกษา (สพป.),3789,55.32,21.70,51.45,19.31,58.49,30.49,39.76,16.60,56.58,32.89
2565,ภาษาไทย,สำนักงานคณะกรรมการส่งเสริมการศึกษาเอกชน,2778,68.52,20.00,62.04,18.17,67.54,27.25,46.54,19.28,68.48,31.85
2565,ภาษาไทย,กระทรวงการอุดมศึกษา วิทยาศาสตร์ วิจัยและนวัตกรรม,234,77.35,15.11,68.10,16.07,77.56,23.54,59.22,21.86,84.19,25.63
2565,ภาษาไทย,สำนักบริหารงานการศึกษาพิเศษ,308,50.90,22.98,46.64,18.87,52.19,30.17,34.23,15.18,55.09,32.00
2565,ภาษาไทย,กรมส่งเสริมการปกครองท้องถิ่น,381,56.49,20.49,54.72,17.52,60.43,29.56,39.86,15.77,57.31,32.62
2565,ภาษาไทย,สถาบันบัณฑิตพัฒนศิลป์ (ปวช.),41,62.60,21.22,53.48,16.68,64.02,25.93,35.48,16.71,56.10,32.46
2565,ภาษาไทย,สำนักงานการศึกษาพระปริยัติธรรม แผนกสามัญศึกษา,479,49.78,21.97,41.16,18.49,46.71,29.41,36.38,15.04,45.79,33.30
