ปี,ชื่อวิชา,คำอธิบายลำดับย่อย,จำนวนผู้เข้าสอบ,ต 1.1 (Mean),ต 1.1 (S.D.),ต 1.2 (Mean),ต 1.2 (S.D.),ต 1.3 (Mean),ต 1.3 (S.D.),ต 2.1 (Mean),ต 2.1 (S.D.),ต 2.2 (Mean),ต 2.2 (S.D.)
2568,ภาษาอังกฤษ,สำนักงานศึกษาธิการจังหวัด เชียงใหม่,14978,31.21,18.76,40.85,26.56,34.29,22.87,34.7,29.17,35.87,29.92
2568,ภาษาอังกฤษ,สำนักงานคณะกรรมการการศึกษาขั้นพื้นฐาน,10442,28.5,15.8,37.24,24.47,31.91,20.81,32.5,27.62,33.7,28.69
2568,ภาษาอังกฤษ,สำนักงานเขตพื้นที่การศึกษามัธยมศึกษา (สพม.),6028,29.44,16.16,39.4,25.8,34.03,21.78,34.25,27.65,35.29,29.56
2568,ภาษาอังกฤษ,สำนักงานเขตพื้นที่การศึกษาประถมศึกษา (สพป.),4414,27.2,15.2,34.29,22.19,29,19.03,30.11,27.41,31.54,27.3
2568,ภาษาอังกฤษ,สำนักงานคณะกรรมการส่งเสริมการศึกษาเอกชน,3116,40.88,23.59,53.63,28.96,42.54,26.64,43.38,32.69,43.3,32.37
2568,ภาษาอังกฤษ,กระทรวงการอุดมศึกษา วิทยาศาสตร์ วิจัยและนวัตกรรม,228,57.31,23.98,78.07,26.94,66.54,27.38,56.73,27.37,67.69,30.81
2568,ภาษาอังกฤษ,สำนักบริหารงานการศึกษาพิเศษ,316,22.18,13.43,29.39,17.66,24.46,16.52,25.32,24.57,29.96,26.57
2568,ภาษาอังกฤษ,กรมส่งเสริมการปกครองท้องถิ่น,432,27.08,14.58,36.61,22.34,28.17,18.52,28.86,26.46,29.71,26.15
2568,ภาษาอังกฤษ,สถาบันบัณฑิตพัฒนศิลป์ (ปวช.),37,25.45,14.75,37.84,26.2,37.84,21.83,44.14,26.91,29.73,30.79
2568,ภาษาอังกฤษ,สำนักงานการศึกษาพระปริยัติธรรม แผนกสามัญศึกษา,407,24.26,12.58,28.29,17.43,28.01,16.2,24.9,26.07,28.34,25.91
2567,ภาษาอังกฤษ,สำนักงานศึกษาธิการจังหวัด เชียงใหม่,13820,34.42,19.56,37.51,24.73,29.44,19.71,27.09,28.43,30.93,29.49
2567,ภาษาอังกฤษ,สำนักงานคณะกรรมการการศึกษาขั้นพื้นฐาน,9853,31.21,16.38,33.66,21.78,27.50,17.49,24.02,25.96,27.80,27.11
2567,ภาษาอังกฤษ,สำนักงานเขตพื้นที่การศึกษามัธยมศึกษา (สพม.),5636,33.23,17.90,37.32,23.24,27.88,18.36,25.48,26.90,29.93,28.33
2567,ภาษาอังกฤษ,สำนักงานเขตพื้นที่การศึกษาประถมศึกษา (สพป.),4217,28.52,13.63,28.78,18.58,27.00,16.23,22.05,24.51,24.95,25.09
2567,ภาษาอังกฤษ,สำนักงานคณะกรรมการส่งเสริมการศึกษาเอกชน,2661,46.02,24.73,52.63,28.32,35.90,24.81,37.22,33.50,42.34,34.43
2567,ภาษาอังกฤษ,กระทรวงการอุดมศึกษา วิทยาศาสตร์ วิจัยและนวัตกรรม,229,63.21,25.08,70.74,26.07,51.03,28.07,53.28,36.26,59.10,34.70
2567,ภาษาอังกฤษ,สำนักบริหารงานการศึกษาพิเศษ,297,28.00,11.75,25.97,16.29,27.80,15.71,24.47,25.80,25.48,26.06
2567,ภาษาอังกฤษ,กรมส่งเสริมการปกครองท้องถิ่น,401,31.09,14.85,31.96,21.90,26.22,16.66,21.45,24.46,25.94,25.42
2567,ภาษาอังกฤษ,สถาบันบัณฑิตพัฒนศิลป์ (ปวช.),29,29.31,10.86,34.48,20.72,26.60,12.29,22.99,26.41,26.44,25.34
2567,ภาษาอังกฤษ,สำนักงานการศึกษาพระปริยัติธรรม แผนกสามัญศึกษา,350,27.50,12.69,25.63,16.72,26.08,15.69,28.57,26.48,24.57,24.68
2566,ภาษาอังกฤษ,สำนักงานศึกษาธิการจังหวัด เชียงใหม่,12907,33.83,19.17,33.88,24.81,32.93,20.86,44.66,33.70,32.66,26.44
2566,ภาษาอังกฤษ,สำนักงานคณะกรรมการการศึกษาขั้นพื้นฐาน,8861,30.64,16.12,29.68,20.93,30.28,18.72,42.89,33.83,29.25,23.28
2566,ภาษาอังกฤษ,สำนักงานเขตพื้นที่การศึกษามัธยมศึกษา (สพม.),4907,32.60,17.38,32.40,22.58,32.17,19.44,45.45,33.84,30.68,24.26
2566,ภาษาอังกฤษ,สำนักงานเขตพื้นที่การศึกษาประถมศึกษา (สพป.),3954,28.20,14.03,26.30,18.12,27.93,17.50,39.72,33.55,27.48,21.87
2566,ภาษาอังกฤษ,สำนักงานคณะกรรมการส่งเสริมการศึกษาเอกชน,2777,44.40,23.42,47.30,30.09,41.79,24.19,52.21,32.09,43.59,31.94
2566,ภาษาอังกฤษ,กระทรวงการอุดมศึกษา วิทยาศาสตร์ วิจัยและนวัตกรรม,223,60.99,22.06,70.47,27.16,57.46,23.37,62.56,28.00,63.45,32.09
2566,ภาษาอังกฤษ,สำนักบริหารงานการศึกษาพิเศษ,240,26.53,12.52,24.58,17.06,26.25,17.17,34.79,32.72,25.63,21.52
2566,ภาษาอังกฤษ,กรมส่งเสริมการปกครองท้องถิ่น,318,28.20,14.62,27.76,20.19,28.75,18.09,43.40,33.23,28.46,21.62
2566,ภาษาอังกฤษ,สถาบันบัณฑิตพัฒนศิลป์ (ปวช.),36,27.08,15.26,28.97,21.69,23.81,14.29,34.72,32.96,25.69,20.82
2566,ภาษาอังกฤษ,สำนักงานการศึกษาพระปริยัติธรรม แผนกสามัญศึกษา,452,26.33,13.30,25.28,18.16,25.57,16.69,30.97,32.12,24.34,20.42
2565,ภาษาอังกฤษ,สำนักงานศึกษาธิการจังหวัด เชียงใหม่,13522,36.17,20.93,35.80,25.59,25.99,19.04,46.41,36.31,30.76,26.09
2565,ภาษาอังกฤษ,สำนักงานคณะกรรมการการศึกษาขั้นพื้นฐาน,9321,32.57,17.91,31.42,22.02,24.37,17.09,42.89,35.45,27.64,23.64
2565,ภาษาอังกฤษ,สำนักงานเขตพื้นที่การศึกษามัธยมศึกษา (สพม.),5535,35.42,19.28,34.58,23.87,25.04,17.65,46.40,35.28,29.44,24.66
2565,ภาษาอังกฤษ,สำนักงานเขตพื้นที่การศึกษาประถมศึกษา (สพป.),3786,28.41,14.72,26.81,18.04,23.40,16.18,37.77,35.06,25.00,21.80
2565,ภาษาอังกฤษ,สำนักงานคณะกรรมการส่งเสริมการศึกษาเอกชน,2759,49.40,24.44,51.69,30.11,30.89,23.12,60.29,35.20,40.83,30.13
2565,ภาษาอังกฤษ,กระทรวงการอุดมศึกษา วิทยาศาสตร์ วิจัยและนวัตกรรม,234,66.06,26.29,71.18,28.33,44.38,28.27,71.58,31.59,62.18,33.35
2565,ภาษาอังกฤษ,สำนักบริหารงานการศึกษาพิเศษ,308,26.73,12.04,25.97,16.76,24.35,16.88,36.85,36.67,22.81,20.38
2565,ภาษาอังกฤษ,กรมส่งเสริมการปกครองท้องถิ่น,381,30.53,16.04,28.27,19.42,23.47,17.43,42.65,35.10,26.97,23.32
2565,ภาษาอังกฤษ,สถาบันบัณฑิตพัฒนศิลป์ (ปวช.),41,28.46,15.29,32.06,19.90,24.39,18.46,41.46,36.46,24.39,21.02
2565,ภาษาอังกฤษ,สำนักงานการศึกษาพระปริยัติธรรม แผนกสามัญศึกษา,478,26.53,12.40,24.63,15.87,23.52,16.15,32.01,35.29,26.78,22.34
