ปี,ชื่อวิชา,คำอธิบายลำดับย่อย,จำนวนผู้เข้าสอบ,ว 1.1 (Mean),ว 1.1 (S.D.),ว 1.2 (Mean),ว 1.2 (S.D.),ว 1.3 (Mean),ว 1.3 (S.D.),ว 2.1 (Mean),ว 2.1 (S.D.),ว 2.2 (Mean),ว 2.2 (S.D.),ว 2.3 (Mean),ว 2.3 (S.D.),ว 3.1 (Mean),ว 3.1 (S.D.),ว 3.2 (Mean),ว 3.2 (S.D.),ว 4.2 (Mean),ว 4.2 (S.D.)
2568,วิทยาศาสตร์,สำนักงานศึกษาธิการจังหวัด เชียงใหม่,17108,41.66,49.30,31.23,28.26,12.29,32.83,40.55,25.96,45.46,28.13,30.76,31.89,36.52,35.98,40.44,28.51,20.04,27.00
2568,วิทยาศาสตร์,สำนักงานคณะกรรมการการศึกษาขั้นพื้นฐาน,11333,39.83,48.95,29.45,27.33,12.72,33.32,37.81,24.94,43.42,27.76,29.43,31.58,36.14,35.98,38.88,28.07,20.24,27.02
2568,วิทยาศาสตร์,สำนักงานเขตพื้นที่การศึกษาประถมศึกษา (สพป.),11333,39.83,48.95,29.45,27.33,12.72,33.32,37.81,24.94,43.42,27.76,29.43,31.58,36.14,35.98,38.88,28.07,20.24,27.02
2568,วิทยาศาสตร์,สำนักงานคณะกรรมการส่งเสริมการศึกษาเอกชน,4164,48.58,49.98,37.04,30.27,11.58,31.99,49.44,27.41,52.58,28.22,35.27,32.30,39.79,36.33,46.05,29.41,19.88,27.28
2568,วิทยาศาสตร์,สำนักงานปลัดกระทรวงการอุดมศึกษาฯ,148,53.38,49.89,39.53,30.48,12.16,32.68,45.10,24.94,47.97,25.77,32.77,30.60,42.91,35.83,42.12,27.22,21.62,25.44
2568,วิทยาศาสตร์,สำนักบริหารงานการศึกษาพิเศษ,139,25.90,43.81,18.53,23.49,15.83,36.50,28.78,19.93,31.89,23.95,21.22,29.98,21.22,28.75,30.22,23.62,24.10,31.37
2568,วิทยาศาสตร์,กรมส่งเสริมการปกครองท้องถิ่น,1158,37.31,48.36,29.49,26.84,9.84,29.79,37.67,23.66,42.29,27.70,29.19,31.90,31.13,34.52,38.11,27.64,18.01,25.40
2568,วิทยาศาสตร์,กองบัญชาการตำรวจตระเวนชายแดน,166,26.51,44.14,22.89,25.66,14.46,35.17,30.27,23.25,36.95,25.88,25.60,33.71,25.00,30.43,28.71,24.79,19.28,26.13
2567,วิทยาศาสตร์,สำนักงานศึกษาธิการจังหวัด เชียงใหม่,17120,68.20,46.57,39.28,29.00,45.10,49.76,40.71,24.92,35.05,28.72,43.88,35.48,27.46,32.81,51.86,31.10,54.50,34.06
2567,วิทยาศาสตร์,สำนักงานคณะกรรมการการศึกษาขั้นพื้นฐาน,11316,64.65,47.81,38.96,29.31,45.24,49.77,38.99,24.39,33.47,28.25,41.76,34.95,24.43,31.06,48.72,30.97,51.98,34.20
2567,วิทยาศาสตร์,สำนักงานเขตพื้นที่การศึกษามัธยมศึกษา (สพม.),20,50.00,50.00,40.00,30.00,50.00,50.00,37.50,18.11,13.33,22.11,45.00,35.00,7.50,17.85,33.33,31.62,45.00,21.79
2567,วิทยาศาสตร์,สำนักงานเขตพื้นที่การศึกษาประถมศึกษา (สพป.),11296,64.68,47.80,38.95,29.31,45.23,49.77,38.99,24.40,33.50,28.25,41.75,34.95,24.46,31.07,48.75,30.97,51.99,34.22
2567,วิทยาศาสตร์,สำนักงานคณะกรรมการส่งเสริมการศึกษาเอกชน,4299,79.27,40.53,41.20,27.91,46.17,49.85,46.23,25.52,39.77,29.61,51.10,36.21,36.64,36.25,61.76,29.48,62.05,32.32
2567,วิทยาศาสตร์,สำนักงานปลัดกระทรวงการอุดมศึกษาฯ,100,74.00,43.86,41.00,27.28,31.00,46.25,41.00,25.87,37.00,27.85,45.00,34.28,31.00,33.75,52.67,31.33,57.50,34.19
2567,วิทยาศาสตร์,สำนักบริหารงานการศึกษาพิเศษ,124,63.71,48.08,38.91,33.04,40.32,49.05,29.23,21.99,29.03,24.67,33.87,34.52,18.55,26.54,41.67,32.41,47.18,35.53
2567,วิทยาศาสตร์,กรมส่งเสริมการปกครองท้องถิ่น,1077,65.27,47.61,35.84,29.03,42.34,49.41,40.16,24.76,34.85,28.67,40.58,34.30,25.07,30.75,50.14,29.91,54.50,33.60
2567,วิทยาศาสตร์,กองบัญชาการตำรวจตระเวนชายแดน,204,46.57,49.88,34.07,29.45,39.22,48.82,29.78,22.89,27.29,26.64,31.86,33.42,18.14,26.93,32.19,27.09,37.99,35.91
2566,วิทยาศาสตร์,สำนักงานศึกษาธิการจังหวัด เชียงใหม่,15688,51.82,49.97,40.71,32.09,22.53,41.78,46.91,24.94,38.98,32.02,43.41,34.79,43.13,35.31,32.61,27.17,44.60,32.99
2566,วิทยาศาสตร์,สำนักงานคณะกรรมการการศึกษาขั้นพื้นฐาน,10400,49.98,50.00,38.56,31.74,23.21,42.22,44.70,24.78,36.75,31.31,39.91,34.16,40.80,34.71,30.32,26.42,41.86,33.06
2566,วิทยาศาสตร์,สำนักงานเขตพื้นที่การศึกษาประถมศึกษา (สพป.),10400,49.98,50.00,38.56,31.74,23.21,42.22,44.70,24.78,36.75,31.31,39.91,34.16,40.80,34.71,30.32,26.42,41.86,33.06
2566,วิทยาศาสตร์,สำนักงานคณะกรรมการส่งเสริมการศึกษาเอกชน,3995,57.67,49.41,46.91,32.25,21.60,41.15,53.25,24.43,46.22,33.10,53.32,34.91,50.23,36.20,39.53,28.34,52.88,31.57
2566,วิทยาศาสตร์,สำนักงานปลัดกระทรวงการอุดมศึกษาฯ,82,43.90,49.63,46.95,30.09,15.85,36.52,49.39,24.99,39.02,31.15,46.34,32.93,47.56,30.14,29.67,22.70,45.12,31.82
2566,วิทยาศาสตร์,สำนักบริหารงานการศึกษาพิเศษ,101,51.49,49.98,33.17,30.08,20.79,40.58,41.58,23.21,30.03,26.33,36.63,33.66,36.14,35.26,27.06,21.35,35.15,31.89
2566,วิทยาศาสตร์,กรมส่งเสริมการปกครองท้องถิ่น,940,51.38,49.98,39.57,32.36,19.89,39.92,46.74,24.31,37.23,31.15,43.30,33.70,41.38,34.37,30.21,26.76,43.46,32.00
2566,วิทยาศาสตร์,กองบัญชาการตำรวจตระเวนชายแดน,170,33.53,47.21,34.26,30.05,21.18,40.86,35.59,23.72,20.20,25.89,28.24,30.14,30.59,33.07,27.84,23.90,29.12,31.47
2565,วิทยาศาสตร์,สำนักงานศึกษาธิการจังหวัด เชียงใหม่,14481,26.56,44.16,37.74,31.38,33.21,47.10,47.95,25.65,30.92,28.22,37.99,35.45,48.10,30.76,50.70,31.88,34.79,34.18
2565,วิทยาศาสตร์,สำนักงานคณะกรรมการการศึกษาขั้นพื้นฐาน,9419,25.86,43.79,37.30,31.36,29.44,45.58,45.55,25.15,27.74,26.60,34.78,34.43,45.77,30.80,47.33,31.43,30.93,32.44
2565,วิทยาศาสตร์,สำนักงานเขตพื้นที่การศึกษาประถมศึกษา (สพป.),9419,25.86,43.79,37.30,31.36,29.44,45.58,45.55,25.15,27.74,26.60,34.78,34.43,45.77,30.80,47.33,31.43,30.93,32.44
2565,วิทยาศาสตร์,สำนักงานคณะกรรมการส่งเสริมการศึกษาเอกชน,3828,28.11,44.95,39.13,31.25,43.60,49.59,54.29,25.88,39.12,30.58,46.76,36.71,54.60,29.67,60.32,31.27,44.85,36.35
2565,วิทยาศาสตร์,สำนักงานปลัดกระทรวงการอุดมศึกษาฯ,86,26.74,44.26,33.72,27.96,37.21,48.34,43.90,27.21,28.68,24.99,41.86,34.83,46.51,32.16,46.51,31.45,44.19,39.19
2565,วิทยาศาสตร์,สำนักบริหารงานการศึกษาพิเศษ,139,22.30,41.63,34.35,32.20,21.58,41.14,41.10,22.65,25.18,24.92,26.62,30.76,38.49,28.96,39.81,29.89,21.94,27.56
2565,วิทยาศาสตร์,กรมส่งเสริมการปกครองท้องถิ่น,839,28.61,45.19,39.24,32.29,27.77,44.79,49.58,25.14,30.75,28.00,37.54,35.42,48.21,30.92,49.34,31.00,34.45,33.91
2565,วิทยาศาสตร์,กองบัญชาการตำรวจตระเวนชายแดน,170,23.53,42.42,27.94,28.67,42.35,49.41,38.31,24.86,29.22,27.58,27.65,30.20,39.41,30.29,38.63,29.67,29.41,32.80
