ปี,ชื่อวิชา,คำอธิบายลำดับย่อย,จำนวนผู้เข้าสอบ,ค 1.1 (Mean),ค 1.1 (S.D.),ค 1.2 (Mean),ค 1.2 (S.D.),ค 1.3 (Mean),ค 1.3 (S.D.),ค 2.1 (Mean),ค 2.1 (S.D.),ค 2.2 (Mean),ค 2.2 (S.D.),ค 3.1 (Mean),ค 3.1 (S.D.),ค 3.2 (Mean),ค 3.2 (S.D.)
2568,คณิตศาสตร์,สำนักงานศึกษาธิการจังหวัด เชียงใหม่,14964,27.1,26.86,32.42,33.57,31.63,25.47,27.05,32.45,30.42,22.38,18.44,27.39,28.31,45.05
2568,คณิตศาสตร์,สำนักงานคณะกรรมการการศึกษาขั้นพื้นฐาน,10431,25.56,24.98,30.68,32.79,29.16,23.38,27.06,32.1,29.03,20.69,16.81,25.19,26.62,44.2
2568,คณิตศาสตร์,สำนักงานเขตพื้นที่การศึกษามัธยมศึกษา (สพม.),6016,25.54,24.82,31.15,32.72,30.87,24.38,27.5,32.41,31.48,21.02,18.02,26.02,28.39,45.09
2568,คณิตศาสตร์,สำนักงานเขตพื้นที่การศึกษาประถมศึกษา (สพป.),4415,25.59,25.2,30.03,32.88,26.83,21.72,26.46,31.68,25.7,19.74,15.17,23.92,24.21,42.84
2568,คณิตศาสตร์,สำนักงานคณะกรรมการส่งเสริมการศึกษาเอกชน,3114,33.35,31.11,38.82,35.17,40.85,29.56,26.49,33.04,35.98,26.12,25.29,33.32,35.2,47.76
2568,คณิตศาสตร์,กระทรวงการอุดมศึกษา วิทยาศาสตร์ วิจัยและนวัตกรรม,228,56.96,35.85,50.66,39.31,60.81,31.19,37.06,38.29,56.2,28.22,37.49,39.28,46.05,49.84
2568,คณิตศาสตร์,สำนักบริหารงานการศึกษาพิเศษ,316,17.32,19.79,30.06,30,23.16,18.36,25.63,32.19,19.04,15.74,9.58,18.74,22.15,41.53
2568,คณิตศาสตร์,กรมส่งเสริมการปกครองท้องถิ่น,431,23.14,23.03,31.67,33.9,26.99,21.51,27.49,31.65,26.83,19.71,11.5,21.24,15.08,35.79
2568,คณิตศาสตร์,สถาบันบัณฑิตพัฒนศิลป์ (ปวช.),37,20.92,21.89,28.38,29.73,25.49,17.57,20.27,29.54,29.78,16.84,15.84,21.6,40.54,49.1
2568,คณิตศาสตร์,สำนักงานการศึกษาพระปริยัติธรรม แผนกสามัญศึกษา,407,14.14,19.58,20.88,28.8,20.2,18.41,26.9,33.36,21.78,17.61,11.67,19.56,26.78,44.28
2567,คณิตศาสตร์,สำนักงานศึกษาธิการจังหวัด เชียงใหม่,13885,22.87,23.68,33.33,34.39,30.39,22.84,34.65,35.31,28.18,22.50,15.26,27.22,28.04,44.92
2567,คณิตศาสตร์,สำนักงานคณะกรรมการการศึกษาขั้นพื้นฐาน,9924,20.91,21.99,32.80,34.08,28.37,20.88,33.67,34.82,26.04,20.34,12.63,24.03,26.41,44.09
2567,คณิตศาสตร์,สำนักงานเขตพื้นที่การศึกษามัธยมศึกษา (สพม.),5716,22.08,22.40,32.83,34.18,30.02,22.07,33.65,34.94,27.91,21.72,14.14,25.80,27.55,44.68
2567,คณิตศาสตร์,สำนักงานเขตพื้นที่การศึกษาประถมศึกษา (สพป.),4208,19.32,21.34,32.77,33.95,26.13,18.93,33.69,34.65,23.51,17.98,10.59,21.21,24.86,43.22
2567,คณิตศาสตร์,สำนักงานคณะกรรมการส่งเสริมการศึกษาเอกชน,2656,30.13,27.24,34.30,34.93,37.74,26.42,37.54,36.70,35.66,26.61,24.25,34.22,33.09,47.06
2567,คณิตศาสตร์,กระทรวงการอุดมศึกษา วิทยาศาสตร์ วิจัยและนวัตกรรม,229,48.53,32.22,49.34,39.78,64.18,27.64,46.94,36.96,61.46,30.64,52.09,42.37,41.05,49.19
2567,คณิตศาสตร์,สำนักบริหารงานการศึกษาพิเศษ,297,17.70,20.25,33.50,34.04,24.49,19.42,34.68,34.47,20.27,17.47,9.16,18.72,28.28,45.04
2567,คณิตศาสตร์,กรมส่งเสริมการปกครองท้องถิ่น,400,19.84,20.29,32.25,33.69,25.80,19.19,32.50,34.55,23.90,18.06,10.38,20.60,28.50,45.14
2567,คณิตศาสตร์,สถาบันบัณฑิตพัฒนศิลป์ (ปวช.),29,11.62,16.91,20.69,30.84,23.76,20.22,32.76,35.42,19.66,14.53,7.62,16.69,34.48,47.53
2567,คณิตศาสตร์,สำนักงานการศึกษาพระปริยัติธรรม แผนกสามัญศึกษา,350,15.41,18.20,32.71,33.72,20.47,18.29,35.00,36.20,22.55,18.12,8.81,18.59,26.00,43.86
2566,คณิตศาสตร์,สำนักงานศึกษาธิการจังหวัด เชียงใหม่,12930,26.62,26.46,27.88,30.40,34.02,25.18,22.01,30.24,24.00,21.17,22.11,28.31,24.15,42.80
2566,คณิตศาสตร์,สำนักงานคณะกรรมการการศึกษาขั้นพื้นฐาน,8885,24.55,24.42,27.61,30.27,31.39,23.11,21.32,29.78,21.83,18.83,19.75,25.97,20.97,40.71
2566,คณิตศาสตร์,สำนักงานเขตพื้นที่การศึกษามัธยมศึกษา (สพม.),4931,25.94,25.53,27.63,30.02,34.38,24.38,22.39,30.25,23.77,20.12,22.97,27.87,20.97,40.71
2566,คณิตศาสตร์,สำนักงานเขตพื้นที่การศึกษาประถมศึกษา (สพป.),3954,22.83,22.84,27.58,30.59,27.65,20.82,19.98,29.11,19.42,16.79,15.74,22.77,20.97,40.71
2566,คณิตศาสตร์,สำนักงานคณะกรรมการส่งเสริมการศึกษาเอกชน,2777,33.09,30.81,28.74,30.73,43.18,28.51,24.34,31.41,30.70,25.72,30.44,33.15,33.89,47.33
2566,คณิตศาสตร์,กระทรวงการอุดมศึกษา วิทยาศาสตร์ วิจัยและนวัตกรรม,223,52.78,36.56,36.55,33.12,67.00,27.59,31.84,33.75,49.59,28.56,49.70,39.77,39.01,48.78
2566,คณิตศาสตร์,สำนักบริหารงานการศึกษาพิเศษ,241,19.74,20.33,25.93,29.19,24.70,18.70,18.67,28.15,17.88,16.10,10.78,19.71,20.33,40.25
2566,คณิตศาสตร์,กรมส่งเสริมการปกครองท้องถิ่น,318,25.07,23.39,28.93,31.42,28.04,20.77,19.50,30.67,20.77,16.33,15.47,22.91,22.01,41.43
2566,คณิตศาสตร์,สถาบันบัณฑิตพัฒนศิลป์ (ปวช.),36,21.28,20.20,30.56,29.53,27.58,21.89,15.28,23.03,19.53,19.25,12.27,19.79,22.22,41.57
2566,คณิตศาสตร์,สำนักงานการศึกษาพระปริยัติธรรม แผนกสามัญศึกษา,450,19.82,20.78,23.67,28.30,22.86,19.11,20.44,29.70,18.78,16.75,15.10,21.32,23.33,42.30
2565,คณิตศาสตร์,สำนักงานศึกษาธิการภาค 15,22223,21.86,24.57,31.18,33.51,30.96,22.14,34.03,34.27,17.56,17.74,20.95,26.48,24.34,42.91
2565,คณิตศาสตร์,สำนักงานศึกษาธิการจังหวัด เชียงใหม่,13533,22.12,24.79,31.30,33.36,31.21,22.14,34.52,34.48,17.52,17.80,20.94,26.38,24.23,42.85
2565,คณิตศาสตร์,สำนักงานคณะกรรมการการศึกษาขั้นพื้นฐาน,9311,19.49,21.92,30.44,32.93,28.93,20.00,33.36,34.17,16.25,16.39,18.98,24.12,23.62,42.47
2565,คณิตศาสตร์,สำนักงานเขตพื้นที่การศึกษามัธยมศึกษา (สพม.),5536,20.94,23.11,31.41,33.16,30.82,20.89,34.60,34.44,16.50,16.82,19.97,25.15,23.10,42.15
2565,คณิตศาสตร์,สำนักงานเขตพื้นที่การศึกษาประถมศึกษา (สพป.),3775,17.37,19.86,29.01,32.53,26.17,18.26,31.55,33.70,15.89,15.72,17.54,22.44,24.37,42.93
2565,คณิตศาสตร์,สำนักงานคณะกรรมการส่งเสริมการศึกษาเอกชน,2781,31.57,31.01,34.20,34.51,39.52,25.80,38.22,35.51,20.99,20.86,26.92,31.27,26.00,43.86
2565,คณิตศาสตร์,กระทรวงการอุดมศึกษา วิทยาศาสตร์ วิจัยและนวัตกรรม,234,46.72,32.75,52.56,35.71,61.44,28.84,42.95,35.26,36.88,25.20,51.06,38.15,36.75,48.21
2565,คณิตศาสตร์,สำนักบริหารงานการศึกษาพิเศษ,308,14.61,18.26,27.76,31.48,22.90,16.08,34.90,32.85,15.13,14.46,15.68,21.56,27.92,44.86
2565,คณิตศาสตร์,กรมส่งเสริมการปกครองท้องถิ่น,380,16.58,19.54,28.55,31.32,25.18,17.22,32.50,33.68,16.71,16.45,15.67,21.86,20.53,40.39
2565,คณิตศาสตร์,สถาบันบัณฑิตพัฒนศิลป์ (ปวช.),41,15.15,19.80,32.93,30.46,25.02,18.97,24.39,24.99,11.59,13.19,14.29,21.05,21.95,41.39
2565,คณิตศาสตร์,สำนักงานการศึกษาพระปริยัติธรรม แผนกสามัญศึกษา,478,15.95,17.75,25.10,31.65,23.14,17.04,33.58,34.18,15.15,15.31,17.77,21.93,20.50,40.37
